{
  "A2LpkXkZavBzF922ukGQpZrFsGMKngmzwiMbh1oSbonk": {
    "token": "A2LpkXkZavBzF922ukGQpZrFsGMKngmzwiMbh1oSbonk",
    "startTime": "2025-08-04T20:16:06.340Z",
    "firstPrice": null,
    "latestPrice": null,
    "highestChange": 0,
    "above50": false,
    "active": false
  },
  "HmkHT8LWueZZRnVBGh2VcDg3K9qunF1kfa4u31bJbonk": {
    "token": "HmkHT8LWueZZRnVBGh2VcDg3K9qunF1kfa4u31bJbonk",
    "startTime": "2025-08-04T20:29:42.548Z",
    "firstPrice": null,
    "latestPrice": null,
    "highestChange": 0,
    "above50": false,
    "active": false
  },
  "87n4vtsy5CN7EzpFeeD25YtGfyJpUbqwDZtAzNFnNtRZ": {
    "token": "87n4vtsy5CN7EzpFeeD25YtGfyJpUbqwDZtAzNFnNtRZ",
    "startTime": "2025-08-04T20:34:26.141Z",
    "firstPrice": null,
    "latestPrice": null,
    "highestChange": 0,
    "above50": false,
    "active": false
  },
  "7VENy6wCjBChAMGpjPQCPYJDeYJGFr5NZUxk7uQ7bonk": {
    "token": "7VENy6wCjBChAMGpjPQCPYJDeYJGFr5NZUxk7uQ7bonk",
    "startTime": "2025-08-04T20:48:36.712Z",
    "firstPrice": null,
    "latestPrice": null,
    "highestChange": 0,
    "above50": false,
    "active": true
  },
  "zGh48JtNHVBb5evgoZLXwgPD2Qu4MhkWdJLGDAupump": {
    "token": "zGh48JtNHVBb5evgoZLXwgPD2Qu4MhkWdJLGDAupump",
    "startTime": "2025-08-04T20:57:11.848Z",
    "firstPrice": null,
    "latestPrice": null,
    "highestChange": 0,
    "above50": false,
    "active": true
  }
}